{
  "gm":"https://github.com/KING-RASHMIKA/AutoFunction/raw/main/autosticker/STK-20240831-WA0048.webp",
  "gn":"https://github.com/KING-RASHMIKA/AutoFunction/raw/main/autosticker/STK-20240804-WA0009.webp",
  "hi":"https://github.com/KING-RASHMIKA/AutoFunction/raw/main/autosticker/STK-20240730-WA0000.webp",
  "mk":"https://github.com/KING-RASHMIKA/AutoFunction/raw/main/autosticker/STK-20240630-WA0000.webp",
  "bye":"https://github.com/KING-RASHMIKA/AutoFunction/raw/main/autosticker/STK-20240728-WA0004.webp"
}
